{"cameraMode":{"drawMode":0,"name":"Shaded","section":"Shading Mode"},"sceneLighting":true,"audioPlay":false,"sceneViewState":{"m_AlwaysRefresh":false,"showFog":true,"showSkybox":true,"showFlares":true,"showImageEffects":true,"showParticleSystems":true,"showVisualEffectGraphs":true,"m_FxEnabled":true},"in2DMode":false,"pivot":{"x":1.165510654449463,"y":1.2387981414794922,"z":2.2494678497314455},"rotation":{"x":0.10001876205205918,"y":-0.8917514085769653,"z":0.3691242039203644,"w":0.24224615097045899},"size":13.020265579223633,"orthographic":false}